BAZOUANE Sara (bazouans) mail
BELALLAM Saad (belallas) mail
BENRAHMOUNE Mohammed Amine (benrahmm) mail
IDBRAYME Omar (idbraymo) mail
KACIMI Salim (kacimis) mail
LE MEUR Alexis (lemeura) mail